Suburb_Name,month,occupancy,adr,res_win,los
All,Apr,45.53913043,215.8835646,33.27826087,1.974108458
Anduramba,Apr,36,254.808001,52,2.675650775
Atkinsons Dam,Apr,75,130.3639533,34,1.700491889
Avoca Vale,Apr,67,293.890613,33,1.908877531
Banks Creek,Apr,6,221.2696816,39,2.036803708
Bellthorpe,Apr,31,219.7827772,14,1.117541232
Benarkin,Apr,8,282.4670462,43,2.767810715
Benarkin North,Apr,13,269.002855,9,2.588776632
Biarra,Apr,40,137.21554,58,1.148162204
Borallon,Apr,41,268.4722521,53,2.224079375
Braemore,Apr,6,240.9230085,17,1.415508083
Brightview,Apr,41,198.6397642,29,2.25452414
Bryden,Apr,9,225.2703664,26,1.931647083
Buaraba,Apr,53,259.7453537,58,2.790234777
Buaraba South,Apr,43,150.6492947,41,1.682288842
Bullcamp,Apr,38,295.2295772,30,1.08880247
Caboonbah,Apr,48,113.6060348,52,2.02917795
Cherry Creek,Apr,64,209.2942384,55,1.430092285
Churchable,Apr,13,274.2500473,59,2.758467993
Clarendon,Apr,38,218.7309286,57,2.62775775
Coal Creek,Apr,30,267.0335776,7,2.707175747
Colinton,Apr,85,180.2250598,44,1.415012749
Conondale,Apr,78,202.0816365,32,2.451232891
Cooeeimbardi,Apr,62,268.9642156,56,1.223276612
Coolana,Apr,5,176.5656509,11,1.79076093
Coominya,Apr,9,211.4649942,12,1.177836913
Cressbrook,Apr,6,204.9126113,52,1.934735862
Cressbrook Creek,Apr,75,280.7728812,41,2.116909925
Crossdale,Apr,51,245.676966,33,2.707712851
Dundas,Apr,100,247.6764077,45,2.799570451
East Nanango,Apr,76,259.0610016,14,2.256424455
Elgin Vale,Apr,86,280.949908,12,2.452797264
England Creek,Apr,39,286.3423617,32,2.415751148
Esk,Apr,45,255.6327354,41,1.942898636
Eskdale,Apr,98,139.662968,21,2.200368795
Fairney View,Apr,42,179.0383132,14,2.755791584
Fernvale,Apr,85,213.8090584,33,2.030038749
Fulham,Apr,27,225.0681463,13,2.701700347
Glamorgan Vale,Apr,39,299.6065856,21,2.664881102
Glen Esk,Apr,55,179.626186,34,1.852890846
Glenfern,Apr,37,287.7577257,27,2.468912012
Gregors Creek,Apr,35,271.0792375,41,1.864536594
Haigslea,Apr,11,254.839857,20,1.169778712
Harlin,Apr,8,212.9324946,53,1.405830622
Hatton Vale,Apr,61,114.2429746,17,2.260790962
Hazeldean,Apr,30,267.4786581,55,1.162054303
Ironbark,Apr,41,209.4064416,30,2.449551229
Ivory Creek,Apr,47,213.5020199,42,1.43065981
Jimna,Apr,56,243.8322508,10,2.17886438
Johnstown,Apr,18,212.2457713,40,2.749384764
Kenilworth,Apr,56,284.5557138,22,2.771764965
Kholo,Apr,89,125.171869,23,2.259569054
Kilcoy,Apr,36,198.0173873,15,1.639895153
Kingaham,Apr,42,165.6254918,34,2.339871096
Kobble Creek,Apr,17,236.5992493,9,1.345759604
Laceys Creek,Apr,38,260.8807367,7,2.669312844
Lake Borumba,Apr,9,205.9944905,55,2.662310496
Lake Manchester,Apr,88,218.7044678,37,1.236974347
Lake Wivenhoe,Apr,49,238.9025747,47,1.893252451
Lark Hill,Apr,87,259.294323,15,2.42058713
Linville,Apr,31,231.4421699,49,1.860058569
Lockrose,Apr,12,220.0954464,30,1.620338764
Lower Cressbrook,Apr,62,240.6134722,60,1.977679086
Lowood,Apr,91,183.7940013,52,2.351986161
Lynford,Apr,77,270.8792128,24,1.550107188
Manumbar,Apr,94,277.4900546,33,2.680444032
Marburg,Apr,34,255.4749792,35,1.224115475
Minden,Apr,72,235.5865341,7,2.311682017
Monsildale,Apr,15,147.1465053,47,2.67655151
Moombra,Apr,5,252.9845656,55,1.672244312
Moore,Apr,23,196.4068637,26,2.181396686
Mount Archer,Apr,53,234.0450508,53,2.000192989
Mount Beppo,Apr,73,280.6469995,13,1.157638632
Mount Byron,Apr,2,235.4339168,39,2.075335354
Mount Delaney,Apr,37,265.00044,59,1.476704261
Mount Glorious,Apr,72,167.4883076,59,2.128987052
Mount Hallen,Apr,15,232.1316785,21,2.502074049
Mount Kilcoy,Apr,4,139.2035842,9,2.002096776
Mount Mee,Apr,32,181.5110168,9,2.021970937
Mount Pleasant,Apr,97,215.882561,49,2.394249781
Mount Stanley,Apr,98,220.7791856,43,1.909134404
Mount Tarampa,Apr,8,172.6073066,56,1.07333852
Murrumba,Apr,24,146.4615642,56,1.937024445
Neurum,Apr,59,169.6631907,14,1.688346757
Ottaba,Apr,46,215.1670564,28,2.311266008
Patrick Estate,Apr,25,151.9188129,16,2.035395661
Pine Mountain,Apr,16,147.8842993,30,1.726992819
Prenzlau,Apr,99,193.9111826,13,2.414690773
Ravensbourne,Apr,54,252.5067084,18,2.695811952
Redbank Creek,Apr,41,207.896583,49,1.166027998
Rifle Range,Apr,36,200.0633792,55,2.186587649
Royston,Apr,30,186.3819195,48,2.025021364
Runnymede,Apr,71,212.9049564,54,1.2264591
Sandy Creek,Apr,48,268.4985626,10,2.083441441
Scrub Creek,Apr,47,138.9676729,14,1.214861431
Sheep Station Creek,Apr,6,164.2492932,16,1.432935212
Somerset Dam,Apr,52,119.378525,57,2.744711352
Split Yard Creek,Apr,63,149.0333891,38,1.72563368
Spring Creek,Apr,89,214.4997073,58,2.359259388
Stony Creek,Apr,70,160.9360867,47,1.124719362
Tallegalla,Apr,55,292.1272145,31,2.012302336
Tarampa,Apr,45,183.1843584,25,1.324649974
Taromeo,Apr,34,244.7313854,25,2.540598877
The Bluff,Apr,30,187.7212665,38,1.392322074
Toogoolawah,Apr,43,220.098267,33,2.334258865
Upper Kandanga,Apr,38,139.1504674,10,2.807058415
Vernor,Apr,17,199.4178861,44,1.613993837
Villeneuve,Apr,75,259.9617876,10,2.39789764
Wanora,Apr,11,243.8707176,21,1.662013831
Westvale,Apr,95,238.5275025,27,1.455586474
Winya,Apr,0,163.7839093,30,1.401782007
Wivenhoe Hill,Apr,82,114.7817337,55,1.105700479
Wivenhoe Pocket,Apr,44,279.9706124,37,1.332628224
Woolmar,Apr,28,235.9404657,8,1.252976786
Wyalla,Apr,74,195.5336485,49,2.171878107
Yimbun,Apr,65,121.9956328,9,1.115187976
All,Feb,51.64347826,202.4691949,33.99130435,1.825016627
Anduramba,Feb,54,188.7611663,17,1.201073165
Atkinsons Dam,Feb,46,207.0565764,43,1.017339301
Avoca Vale,Feb,94,123.6620501,38,2.3115279
Banks Creek,Feb,84,212.6358437,53,1.513688194
Bellthorpe,Feb,66,257.3019346,36,1.436679161
Benarkin,Feb,18,271.4940022,21,1.340829724
Benarkin North,Feb,4,187.1657929,23,2.143960857
Biarra,Feb,25,282.9495395,16,1.107151968
Borallon,Feb,23,239.6902643,51,2.350015953
Braemore,Feb,10,214.5877669,31,1.952485137
Brightview,Feb,82,167.9601018,34,1.80754323
Bryden,Feb,37,257.7392644,45,1.953162619
Buaraba,Feb,82,286.5949283,22,1.87826524
Buaraba South,Feb,11,227.1720658,10,2.368609823
Bullcamp,Feb,78,164.6070377,28,1.925376501
Caboonbah,Feb,34,277.0647483,34,2.043492281
Cherry Creek,Feb,81,204.5267882,52,2.179471777
Churchable,Feb,25,117.4630987,29,1.914996881
Clarendon,Feb,19,189.4480162,41,1.702023925
Coal Creek,Feb,41,169.3616278,26,2.606984562
Colinton,Feb,93,168.3169096,42,1.520281776
Conondale,Feb,62,247.3371503,21,2.68714888
Cooeeimbardi,Feb,18,177.74249,33,1.950028237
Coolana,Feb,60,207.3799548,11,2.357286844
Coominya,Feb,86,245.696908,26,2.24882619
Cressbrook,Feb,47,170.2759993,52,1.807917385
Cressbrook Creek,Feb,28,251.2286826,45,1.80920004
Crossdale,Feb,43,293.4063038,31,2.329104616
Dundas,Feb,25,204.6834097,58,2.750075274
East Nanango,Feb,7,230.3976745,50,1.425046664
Elgin Vale,Feb,96,121.3883523,12,1.617823607
England Creek,Feb,71,126.1323342,36,1.79332641
Esk,Feb,45,206.7172803,37,1.733101606
Eskdale,Feb,35,297.0518458,41,2.667633907
Fairney View,Feb,46,125.9732351,59,1.435097973
Fernvale,Feb,28,246.0363953,34,1.033866466
Fulham,Feb,58,284.165399,58,1.200520545
Glamorgan Vale,Feb,42,228.3626226,46,2.285076777
Glen Esk,Feb,23,187.3570374,44,1.398730679
Glenfern,Feb,44,206.9065825,36,1.237228733
Gregors Creek,Feb,15,144.8652481,34,1.413955313
Haigslea,Feb,70,136.8633478,18,1.324257254
Harlin,Feb,83,209.6170783,30,1.631867789
Hatton Vale,Feb,43,192.7774654,21,2.546069638
Hazeldean,Feb,89,263.1121521,34,1.040087862
Ironbark,Feb,79,253.3048654,32,1.910170129
Ivory Creek,Feb,5,163.8914486,44,1.975960761
Jimna,Feb,58,205.6458516,12,2.317578445
Johnstown,Feb,14,159.2431715,49,2.349714658
Kenilworth,Feb,93,191.5099071,7,2.430974091
Kholo,Feb,99,168.7151673,33,2.046368429
Kilcoy,Feb,38,154.7228353,8,1.385782626
Kingaham,Feb,38,157.7101804,8,1.267809936
Kobble Creek,Feb,51,182.7134579,21,1.030505764
Laceys Creek,Feb,48,184.2640608,32,2.135623243
Lake Borumba,Feb,1,123.0556576,34,1.693145257
Lake Manchester,Feb,81,236.1669796,53,2.693271515
Lake Wivenhoe,Feb,57,140.1828833,49,1.870072605
Lark Hill,Feb,94,215.0171524,43,1.555740944
Linville,Feb,99,161.273678,31,1.067356181
Lockrose,Feb,45,160.9554481,9,1.550306577
Lower Cressbrook,Feb,71,144.8519393,47,2.182129519
Lowood,Feb,12,207.509585,40,1.801785868
Lynford,Feb,59,120.6568038,42,2.097832796
Manumbar,Feb,61,120.0527209,50,1.312111243
Marburg,Feb,58,269.411108,56,2.694461014
Minden,Feb,94,293.6793049,57,1.744872665
Monsildale,Feb,56,173.5964066,29,2.622015262
Moombra,Feb,32,287.5098122,41,1.621746417
Moore,Feb,38,271.7200149,16,2.003792342
Mount Archer,Feb,30,247.7695226,60,1.854056053
Mount Beppo,Feb,63,192.7886216,18,2.610182415
Mount Byron,Feb,5,139.7981528,40,1.105225442
Mount Delaney,Feb,67,172.2514934,23,2.682592129
Mount Glorious,Feb,41,206.0348489,25,2.0352063
Mount Hallen,Feb,77,169.5251092,8,2.025882563
Mount Kilcoy,Feb,15,262.849499,41,1.373041582
Mount Mee,Feb,62,193.943384,32,1.097553024
Mount Pleasant,Feb,65,151.704093,13,2.063405033
Mount Stanley,Feb,98,198.1531183,7,1.673936137
Mount Tarampa,Feb,86,272.9544291,36,2.464575629
Murrumba,Feb,77,184.7972188,55,1.641885092
Neurum,Feb,35,130.8847026,24,1.270114829
Ottaba,Feb,2,133.4374474,21,2.715438031
Patrick Estate,Feb,85,243.2427349,43,2.141116817
Pine Mountain,Feb,83,144.4061178,57,1.531646095
Prenzlau,Feb,11,273.4840996,49,2.726094267
Ravensbourne,Feb,74,158.2028582,43,1.990269385
Redbank Creek,Feb,53,133.0894709,7,1.591923555
Rifle Range,Feb,84,210.9543839,57,1.18336574
Royston,Feb,77,143.0694093,13,1.796655651
Runnymede,Feb,72,189.5982319,7,1.813469299
Sandy Creek,Feb,23,206.358368,46,1.563786929
Scrub Creek,Feb,21,223.0370801,32,1.79996761
Sheep Station Creek,Feb,87,164.2525677,37,1.412825686
Somerset Dam,Feb,28,269.9332654,20,2.347437431
Split Yard Creek,Feb,87,227.1745812,14,1.161142385
Spring Creek,Feb,51,280.4628634,57,1.936887197
Stony Creek,Feb,28,245.5816534,16,2.69133357
Tallegalla,Feb,36,183.7576172,55,1.098077449
Tarampa,Feb,40,161.2115185,49,1.162681706
Taromeo,Feb,73,125.3638144,41,2.617037347
The Bluff,Feb,65,299.0635581,26,2.549949424
Toogoolawah,Feb,26,144.6787264,28,2.697697183
Upper Kandanga,Feb,88,296.9684446,59,1.258578468
Vernor,Feb,17,282.8763784,30,1.824534595
Villeneuve,Feb,76,193.1288816,14,2.050181599
Wanora,Feb,26,131.0229921,50,1.155521962
Westvale,Feb,36,130.5357997,56,1.47649913
Winya,Feb,85,196.6933139,52,1.810327846
Wivenhoe Hill,Feb,77,294.2392177,55,1.010122892
Wivenhoe Pocket,Feb,29,242.6499342,18,2.050889741
Woolmar,Feb,21,225.373804,45,1.036092771
Wyalla,Feb,91,249.6335613,19,1.160950121
Yimbun,Feb,14,188.6256097,9,1.257387069
All,Jul,49.2,202.4415854,32.97391304,1.8776462
Anduramba,Jul,8,169.927331,56,1.668770172
Atkinsons Dam,Jul,25,279.4396447,45,2.435118466
Avoca Vale,Jul,66,185.8992098,34,2.110566045
Banks Creek,Jul,15,149.5454856,18,1.934366849
Bellthorpe,Jul,92,216.9752712,32,1.927842682
Benarkin,Jul,13,263.4519295,21,2.056569695
Benarkin North,Jul,97,115.6414034,51,2.619002078
Biarra,Jul,75,147.2124923,28,2.070392459
Borallon,Jul,61,219.5756979,58,1.644284949
Braemore,Jul,39,159.870847,24,1.584968092
Brightview,Jul,11,125.2696476,43,2.173045663
Bryden,Jul,93,125.4767068,36,2.206912016
Buaraba,Jul,54,228.477152,15,2.773903758
Buaraba South,Jul,0,217.1285042,57,1.999521211
Bullcamp,Jul,55,182.7473749,13,2.428285032
Caboonbah,Jul,49,214.9708312,43,2.726846111
Cherry Creek,Jul,39,159.5192682,24,2.289173856
Churchable,Jul,38,258.3680094,32,1.790809297
Clarendon,Jul,70,202.017309,57,2.343197921
Coal Creek,Jul,67,137.1326319,29,1.094325911
Colinton,Jul,53,266.7919585,44,1.369002991
Conondale,Jul,19,201.8682781,16,1.7637301
Cooeeimbardi,Jul,16,189.7787954,14,2.502042018
Coolana,Jul,2,126.9591916,55,1.3488909
Coominya,Jul,82,278.6835068,27,2.045492051
Cressbrook,Jul,54,133.5700296,20,1.289024919
Cressbrook Creek,Jul,34,280.2367151,46,1.598481793
Crossdale,Jul,34,232.5154004,46,2.525893714
Dundas,Jul,35,238.2212702,10,1.700996796
East Nanango,Jul,55,149.2079596,49,1.498857176
Elgin Vale,Jul,48,129.1878362,13,2.667391276
England Creek,Jul,98,259.894057,38,1.129037226
Esk,Jul,89,216.9799054,43,1.698753942
Eskdale,Jul,60,247.9788282,50,1.602699256
Fairney View,Jul,19,246.0693612,17,1.514338737
Fernvale,Jul,16,287.2926386,34,2.604445529
Fulham,Jul,89,153.0437803,55,1.471246927
Glamorgan Vale,Jul,74,219.4222426,40,1.890823526
Glen Esk,Jul,47,220.6876464,47,2.301589414
Glenfern,Jul,29,215.962494,50,2.033427119
Gregors Creek,Jul,89,231.4211256,56,1.333478412
Haigslea,Jul,71,179.0806342,50,2.527731346
Harlin,Jul,63,209.0933509,40,2.297415811
Hatton Vale,Jul,43,141.157205,28,1.718015422
Hazeldean,Jul,55,134.0336936,13,1.685901218
Ironbark,Jul,4,223.6803816,42,2.490005403
Ivory Creek,Jul,90,278.3217609,19,1.495037152
Jimna,Jul,71,188.6455205,31,1.897669671
Johnstown,Jul,79,116.0279711,11,1.239935185
Kenilworth,Jul,36,155.6490654,46,1.586209811
Kholo,Jul,53,243.5980551,34,1.141818896
Kilcoy,Jul,39,138.1301078,18,1.819306152
Kingaham,Jul,15,139.2303874,32,1.818363699
Kobble Creek,Jul,8,189.6436577,27,1.179917099
Laceys Creek,Jul,98,184.8811347,21,2.276271006
Lake Borumba,Jul,52,232.3248378,14,2.436687732
Lake Manchester,Jul,9,126.7403469,31,2.398121788
Lake Wivenhoe,Jul,28,291.8943765,24,1.984670555
Lark Hill,Jul,61,132.2574173,59,2.405979247
Linville,Jul,60,258.0139512,16,2.370898919
Lockrose,Jul,48,261.4657418,41,1.392221662
Lower Cressbrook,Jul,37,217.8619153,26,1.70401316
Lowood,Jul,51,240.1842792,30,2.742016605
Lynford,Jul,4,175.590877,26,2.612136009
Manumbar,Jul,13,271.0230449,10,2.485068014
Marburg,Jul,83,281.7238981,27,1.52335926
Minden,Jul,42,177.7587103,14,1.995237826
Monsildale,Jul,93,253.0953365,51,2.05181743
Moombra,Jul,84,214.4478848,9,2.587581097
Moore,Jul,69,152.4881849,7,1.259406054
Mount Archer,Jul,57,127.805062,42,2.393773889
Mount Beppo,Jul,11,246.9578728,35,1.602589245
Mount Byron,Jul,27,247.814973,20,1.361956581
Mount Delaney,Jul,87,122.9855046,57,1.050951353
Mount Glorious,Jul,41,133.7525767,9,1.258279925
Mount Hallen,Jul,97,126.2911264,53,1.66711733
Mount Kilcoy,Jul,82,170.8093917,10,1.48207828
Mount Mee,Jul,4,139.6353692,59,1.476304742
Mount Pleasant,Jul,21,113.1744759,46,1.569641041
Mount Stanley,Jul,95,272.169438,51,1.895763623
Mount Tarampa,Jul,99,211.6040376,56,2.452421898
Murrumba,Jul,8,206.0827165,42,2.396830161
Neurum,Jul,32,226.6965771,15,1.102528352
Ottaba,Jul,3,242.3805532,43,2.777611103
Patrick Estate,Jul,52,208.6443107,31,1.303796569
Pine Mountain,Jul,74,274.1549137,59,1.82528035
Prenzlau,Jul,64,258.0025181,9,2.218265523
Ravensbourne,Jul,27,214.7834738,16,2.371200183
Redbank Creek,Jul,35,254.6434699,48,1.879235699
Rifle Range,Jul,56,237.7350555,23,2.066748722
Royston,Jul,30,117.9025568,45,1.89255004
Runnymede,Jul,97,249.0597146,33,1.229430026
Sandy Creek,Jul,75,245.6321079,11,1.076962745
Scrub Creek,Jul,24,129.6483566,7,1.227142363
Sheep Station Creek,Jul,13,208.5526598,44,1.768719284
Somerset Dam,Jul,23,153.5833733,12,2.466008065
Split Yard Creek,Jul,6,290.608813,59,1.71854471
Spring Creek,Jul,14,208.2448603,50,1.558219958
Stony Creek,Jul,54,241.3380733,14,2.182678179
Tallegalla,Jul,8,227.2691117,51,2.466644461
Tarampa,Jul,20,299.4835863,40,2.407635879
Taromeo,Jul,38,140.2526676,17,1.764931409
The Bluff,Jul,49,244.651931,8,1.155739267
Toogoolawah,Jul,94,115.8592033,24,2.31914336
Upper Kandanga,Jul,25,118.0961926,20,2.023349394
Vernor,Jul,40,218.6654376,20,1.792678989
Villeneuve,Jul,79,224.7056165,55,1.790220926
Wanora,Jul,100,285.8225428,24,1.272275882
Westvale,Jul,98,136.5431701,27,1.406604258
Winya,Jul,66,292.6397801,27,1.531441205
Wivenhoe Hill,Jul,70,184.2870145,51,1.90509339
Wivenhoe Pocket,Jul,39,282.6258202,8,1.437100961
Woolmar,Jul,48,203.5112587,38,1.158211833
Wyalla,Jul,64,185.7908768,50,1.520350124
Yimbun,Jul,44,147.4206776,50,1.814902364
All,Jun,52.13043478,208.2374948,32.5826087,1.839662521
Anduramba,Jun,94,240.6054156,37,2.399695586
Atkinsons Dam,Jun,85,170.7715705,44,2.780582624
Avoca Vale,Jun,38,248.8720743,19,2.144273673
Banks Creek,Jun,33,278.5198552,32,2.407877247
Bellthorpe,Jun,51,169.3087582,7,1.29380312
Benarkin,Jun,66,213.984764,60,1.200441939
Benarkin North,Jun,63,206.4881017,59,1.612313269
Biarra,Jun,89,160.9733169,33,2.711720715
Borallon,Jun,74,295.5916319,22,2.120526286
Braemore,Jun,56,191.9105268,9,2.544849696
Brightview,Jun,92,180.1365506,58,1.842337181
Bryden,Jun,84,290.2283559,10,2.681050695
Buaraba,Jun,95,258.2288605,15,2.669910634
Buaraba South,Jun,40,126.8505192,22,1.104233212
Bullcamp,Jun,97,260.5684685,54,1.343424197
Caboonbah,Jun,24,223.6356544,10,1.742726178
Cherry Creek,Jun,28,189.2774668,8,1.225452796
Churchable,Jun,76,162.5986494,14,2.534715316
Clarendon,Jun,87,285.1437943,40,2.738406369
Coal Creek,Jun,87,299.7150454,43,1.826247786
Colinton,Jun,42,298.6862542,32,2.533973547
Conondale,Jun,35,295.719993,36,2.010458721
Cooeeimbardi,Jun,45,205.8634611,44,2.141055184
Coolana,Jun,71,242.2254841,53,1.066112678
Coominya,Jun,90,133.4967471,18,1.678402955
Cressbrook,Jun,37,137.4055279,46,2.478624008
Cressbrook Creek,Jun,90,183.3753924,22,1.915291602
Crossdale,Jun,45,214.1491272,38,1.668539607
Dundas,Jun,13,245.1018278,56,1.703798598
East Nanango,Jun,20,223.2265378,32,1.34858692
Elgin Vale,Jun,15,185.079391,43,1.168498367
England Creek,Jun,8,225.4771028,24,1.20698354
Esk,Jun,67,212.3604083,51,1.23659034
Eskdale,Jun,82,257.0262354,19,2.104694101
Fairney View,Jun,59,152.267434,23,1.75798864
Fernvale,Jun,81,268.4507597,12,1.241912451
Fulham,Jun,92,244.0481414,54,1.712275991
Glamorgan Vale,Jun,78,126.857859,25,2.652179222
Glen Esk,Jun,51,136.0728061,43,2.411410475
Glenfern,Jun,8,209.6988439,10,1.50055604
Gregors Creek,Jun,47,228.0138036,33,1.095459782
Haigslea,Jun,84,180.5033828,56,2.030401962
Harlin,Jun,5,203.7618863,50,1.483495904
Hatton Vale,Jun,37,254.2557258,16,1.846420645
Hazeldean,Jun,63,179.2175647,43,2.399243894
Ironbark,Jun,43,285.833608,47,1.044878666
Ivory Creek,Jun,3,177.3926323,10,2.739493525
Jimna,Jun,70,241.0900434,60,1.592001504
Johnstown,Jun,24,287.3850925,10,2.540038846
Kenilworth,Jun,71,272.5139068,23,2.263152991
Kholo,Jun,6,226.8345476,9,2.390951844
Kilcoy,Jun,14,234.0819732,37,1.813675009
Kingaham,Jun,47,117.8724923,16,2.574598869
Kobble Creek,Jun,48,206.8013149,25,1.880819503
Laceys Creek,Jun,2,159.4737337,19,1.46907411
Lake Borumba,Jun,55,157.8224478,22,1.255899177
Lake Manchester,Jun,93,194.6178526,24,2.693054948
Lake Wivenhoe,Jun,99,150.542467,22,1.860349503
Lark Hill,Jun,6,160.9828099,32,2.053633105
Linville,Jun,89,263.275271,57,2.510075277
Lockrose,Jun,76,233.7185582,53,1.072796814
Lower Cressbrook,Jun,11,170.0753967,44,1.848287075
Lowood,Jun,36,149.4624239,27,1.899606772
Lynford,Jun,97,262.6050986,28,2.607412167
Manumbar,Jun,75,213.0853135,33,2.514040203
Marburg,Jun,94,197.9943441,41,1.456148248
Minden,Jun,60,158.6892679,21,1.053036482
Monsildale,Jun,73,200.8584311,14,1.696563025
Moombra,Jun,37,175.4263655,8,1.10794186
Moore,Jun,53,246.2436412,51,2.660130011
Mount Archer,Jun,33,281.4992327,44,1.415572608
Mount Beppo,Jun,64,119.2193569,30,1.078166499
Mount Byron,Jun,4,263.8699334,22,1.611791132
Mount Delaney,Jun,26,205.9736556,14,1.075365889
Mount Glorious,Jun,93,175.9312716,26,2.035543252
Mount Hallen,Jun,31,288.3496509,53,1.92846167
Mount Kilcoy,Jun,73,218.7131876,33,2.40086565
Mount Mee,Jun,81,187.712357,36,1.031553553
Mount Pleasant,Jun,83,168.0715437,52,1.559726486
Mount Stanley,Jun,3,137.4258171,37,1.408966613
Mount Tarampa,Jun,20,253.4120119,52,2.319443921
Murrumba,Jun,80,248.2607518,37,1.022207126
Neurum,Jun,63,278.414813,25,2.226470634
Ottaba,Jun,69,257.365476,7,1.73159167
Patrick Estate,Jun,31,227.4340115,11,1.322984887
Pine Mountain,Jun,75,170.6872491,38,1.473143762
Prenzlau,Jun,20,173.6467062,52,1.49882756
Ravensbourne,Jun,27,146.7011944,25,2.093640124
Redbank Creek,Jun,60,164.3888926,59,1.237022885
Rifle Range,Jun,42,289.7712349,11,1.890903194
Royston,Jun,56,282.6757052,60,2.398901209
Runnymede,Jun,55,123.5143233,11,1.026577632
Sandy Creek,Jun,35,119.5892974,40,1.54428014
Scrub Creek,Jun,69,243.1314717,49,1.826836006
Sheep Station Creek,Jun,20,212.2074958,36,2.159526963
Somerset Dam,Jun,46,248.270024,53,2.643632233
Split Yard Creek,Jun,77,250.1407166,48,2.789781102
Spring Creek,Jun,12,111.6686655,47,1.640246431
Stony Creek,Jun,85,231.8965198,25,1.30979973
Tallegalla,Jun,4,209.8845753,22,2.251011544
Tarampa,Jun,20,171.4345175,59,2.606832646
Taromeo,Jun,3,215.7997332,26,1.443663394
The Bluff,Jun,75,151.9949529,18,1.197131743
Toogoolawah,Jun,68,264.458044,49,2.705959402
Upper Kandanga,Jun,18,130.8438313,22,2.157150874
Vernor,Jun,36,267.292538,19,1.109285819
Villeneuve,Jun,69,161.1857733,14,2.198294104
Wanora,Jun,75,128.1794887,30,1.15841864
Westvale,Jun,5,253.5444402,21,1.197650181
Winya,Jun,94,114.4422682,25,1.840562497
Wivenhoe Hill,Jun,18,277.1737079,45,2.127881986
Wivenhoe Pocket,Jun,41,160.0425596,52,1.0201516
Woolmar,Jun,36,169.6250774,52,1.996019976
Wyalla,Jun,44,192.6803983,40,1.702005395
Yimbun,Jun,50,158.3573232,12,1.232136325
All,Mar,54.35652174,204.5750932,33.89565217,1.98153446
Anduramba,Mar,67,179.184423,27,1.561227638
Atkinsons Dam,Mar,39,131.7019289,21,1.33785297
Avoca Vale,Mar,43,164.7890028,22,1.289631333
Banks Creek,Mar,20,257.3822429,54,2.74051409
Bellthorpe,Mar,70,209.7435463,26,1.618189409
Benarkin,Mar,49,278.6045286,37,2.65025967
Benarkin North,Mar,88,299.2395781,49,2.444110592
Biarra,Mar,9,185.6755749,18,2.159937745
Borallon,Mar,27,169.4822058,40,2.745892535
Braemore,Mar,94,136.3347142,51,1.333854871
Brightview,Mar,49,233.6512648,29,2.591660945
Bryden,Mar,57,277.1764047,33,2.48686779
Buaraba,Mar,74,217.4843269,47,2.102527007
Buaraba South,Mar,28,224.721393,10,1.809963329
Bullcamp,Mar,8,233.0785282,19,1.283329949
Caboonbah,Mar,31,202.1405718,27,1.693461542
Cherry Creek,Mar,99,212.5944785,14,1.910587522
Churchable,Mar,82,146.2461353,55,2.097609256
Clarendon,Mar,79,130.9645272,13,2.773135602
Coal Creek,Mar,43,188.8605976,40,1.527717684
Colinton,Mar,64,137.1273075,36,2.588687206
Conondale,Mar,69,220.2044439,55,1.152648635
Cooeeimbardi,Mar,21,147.0118138,40,1.11906073
Coolana,Mar,55,127.9739015,56,1.864565741
Coominya,Mar,79,177.5186941,20,2.285225333
Cressbrook,Mar,19,180.7028665,32,2.495286892
Cressbrook Creek,Mar,39,287.7961264,50,1.963204093
Crossdale,Mar,96,181.2556037,14,1.555186302
Dundas,Mar,41,196.9335965,36,2.028193221
East Nanango,Mar,28,248.2647779,32,1.236211757
Elgin Vale,Mar,47,255.3674568,39,1.304753372
England Creek,Mar,38,227.7852153,48,2.05355037
Esk,Mar,68,131.8069593,45,1.966798572
Eskdale,Mar,94,269.7237896,59,2.095827724
Fairney View,Mar,30,189.4089299,10,2.221446218
Fernvale,Mar,24,243.6685494,22,1.350548235
Fulham,Mar,24,256.8742459,33,2.672036565
Glamorgan Vale,Mar,3,217.9744438,39,2.392538
Glen Esk,Mar,38,162.2238707,26,2.180871956
Glenfern,Mar,29,190.8689013,15,2.297206429
Gregors Creek,Mar,23,278.795395,60,2.525779377
Haigslea,Mar,3,196.0147269,53,2.269415727
Harlin,Mar,83,212.1161236,45,1.005422358
Hatton Vale,Mar,55,188.1432515,25,2.29185023
Hazeldean,Mar,3,200.6770428,34,1.809528847
Ironbark,Mar,53,273.9940429,49,1.13970126
Ivory Creek,Mar,20,115.4285143,34,2.009489618
Jimna,Mar,85,234.9720324,26,1.079129151
Johnstown,Mar,68,174.8810316,41,1.316549189
Kenilworth,Mar,100,196.9264798,11,1.25061218
Kholo,Mar,1,191.594817,56,1.28843258
Kilcoy,Mar,69,254.6453086,47,2.745360024
Kingaham,Mar,23,151.429365,30,1.503805317
Kobble Creek,Mar,93,154.4937624,15,1.723420211
Laceys Creek,Mar,77,225.861661,22,2.292558033
Lake Borumba,Mar,79,217.6699865,9,2.20254926
Lake Manchester,Mar,85,209.218848,54,1.524641444
Lake Wivenhoe,Mar,66,120.2290579,9,1.04799632
Lark Hill,Mar,74,255.4786634,20,2.550552191
Linville,Mar,87,192.3619221,28,2.302186205
Lockrose,Mar,97,254.5271541,25,1.865086452
Lower Cressbrook,Mar,46,205.8815939,35,2.333670826
Lowood,Mar,93,274.3859002,30,1.445962237
Lynford,Mar,31,207.4081187,13,1.569404426
Manumbar,Mar,98,288.1568216,19,1.119148506
Marburg,Mar,38,229.6171974,15,2.518190044
Minden,Mar,97,208.8571538,26,1.794979963
Monsildale,Mar,89,201.3508892,48,2.302850246
Moombra,Mar,58,139.0731224,50,1.370688434
Moore,Mar,40,139.4580013,38,2.785387804
Mount Archer,Mar,46,128.8388514,23,2.682650159
Mount Beppo,Mar,54,238.6807506,41,1.555371552
Mount Byron,Mar,61,162.6544062,51,2.573918605
Mount Delaney,Mar,64,211.4342978,10,2.756656888
Mount Glorious,Mar,33,252.6183826,28,2.523549995
Mount Hallen,Mar,59,190.0240556,24,2.137677744
Mount Kilcoy,Mar,41,263.5969074,41,2.553226563
Mount Mee,Mar,70,224.5003107,17,2.632812061
Mount Pleasant,Mar,65,280.8620043,45,1.303095563
Mount Stanley,Mar,55,196.1375487,59,1.749205682
Mount Tarampa,Mar,86,247.9448737,29,2.271215384
Murrumba,Mar,16,271.8649462,42,2.697250783
Neurum,Mar,60,139.5706516,58,1.772608078
Ottaba,Mar,26,164.0468307,15,1.821494747
Patrick Estate,Mar,94,176.273574,38,1.27972059
Pine Mountain,Mar,1,126.4827759,34,1.305658249
Prenzlau,Mar,3,202.6536832,45,1.272683111
Ravensbourne,Mar,93,267.8710179,38,2.762619569
Redbank Creek,Mar,81,135.8799312,39,1.760696063
Rifle Range,Mar,91,272.1147684,16,2.152696193
Royston,Mar,49,246.942225,39,2.516559856
Runnymede,Mar,86,161.3270714,28,1.979434618
Sandy Creek,Mar,6,198.1763013,32,2.00926594
Scrub Creek,Mar,43,239.9667866,54,2.091466282
Sheep Station Creek,Mar,91,146.8638401,20,1.379500805
Somerset Dam,Mar,96,147.5971255,60,2.060176623
Split Yard Creek,Mar,33,165.2807558,55,2.784669021
Spring Creek,Mar,71,140.6271622,38,1.503844666
Stony Creek,Mar,31,161.0988816,23,1.854948935
Tallegalla,Mar,2,218.5405426,22,1.800399991
Tarampa,Mar,100,262.3107784,53,2.396938296
Taromeo,Mar,88,298.3251162,40,1.651819358
The Bluff,Mar,35,137.1737247,23,1.575248519
Toogoolawah,Mar,94,185.1494025,47,2.102219198
Upper Kandanga,Mar,33,149.2593492,35,2.236400884
Vernor,Mar,80,262.941489,54,2.459329453
Villeneuve,Mar,26,272.9944728,33,2.209387628
Wanora,Mar,21,199.1238119,20,2.365708513
Westvale,Mar,50,146.9003326,53,2.185774426
Winya,Mar,28,232.6602641,23,2.703110017
Wivenhoe Hill,Mar,69,143.9227402,30,2.143718749
Wivenhoe Pocket,Mar,10,177.1145012,29,1.539148422
Woolmar,Mar,92,267.9021608,29,2.49393637
Wyalla,Mar,58,193.3926428,33,1.761014417
Yimbun,Mar,64,293.2982137,26,2.541107086
All,May,49.93913043,190.337141,32.50434783,1.874965821
Anduramba,May,45,121.8098044,37,2.060963649
Atkinsons Dam,May,88,163.5179873,12,2.583475976
Avoca Vale,May,50,142.4313696,12,2.308657289
Banks Creek,May,23,169.822255,23,2.710528103
Bellthorpe,May,70,115.8743139,11,1.893697513
Benarkin,May,69,126.3847738,20,1.672140233
Benarkin North,May,98,255.9448854,36,1.887413295
Biarra,May,61,173.7906379,15,2.030214053
Borallon,May,61,208.8147367,39,1.19662631
Braemore,May,72,188.0706177,33,1.258742444
Brightview,May,16,177.1394072,39,1.005038779
Bryden,May,49,231.4947885,59,1.590336617
Buaraba,May,99,256.4919029,59,1.701833975
Buaraba South,May,94,242.2750444,28,2.001220961
Bullcamp,May,0,140.8677077,19,1.682413178
Caboonbah,May,91,245.3926742,15,2.551395571
Cherry Creek,May,82,150.9123363,34,1.274682193
Churchable,May,0,271.3619372,18,1.579297265
Clarendon,May,91,216.4642023,49,2.078456287
Coal Creek,May,61,296.0080149,46,1.110610699
Colinton,May,23,129.7902346,38,2.442155444
Conondale,May,62,176.590337,23,1.669207072
Cooeeimbardi,May,5,266.0929287,28,1.427352382
Coolana,May,12,141.3064492,53,2.462057926
Coominya,May,17,124.9645421,42,2.504324048
Cressbrook,May,20,214.6073874,43,1.952540274
Cressbrook Creek,May,18,181.7533876,32,2.274492561
Crossdale,May,75,211.9046219,56,1.40984664
Dundas,May,98,194.2065796,44,1.536379478
East Nanango,May,19,127.1736015,21,2.601528216
Elgin Vale,May,15,154.5144367,24,2.086663096
England Creek,May,85,136.1157902,22,2.329027872
Esk,May,59,284.9412584,36,1.35005864
Eskdale,May,19,226.7584456,39,2.442402909
Fairney View,May,9,174.3873886,38,2.487843573
Fernvale,May,49,246.1901249,23,1.446607376
Fulham,May,83,299.9158197,26,1.343591331
Glamorgan Vale,May,31,113.0235074,7,1.45947957
Glen Esk,May,94,287.5116677,58,1.498840514
Glenfern,May,5,264.1099162,16,1.747403148
Gregors Creek,May,89,249.0302697,46,1.773835552
Haigslea,May,100,117.9627399,27,1.48565869
Harlin,May,41,283.2488586,12,1.066831447
Hatton Vale,May,37,119.0631795,16,2.179816879
Hazeldean,May,14,186.1845273,17,1.293147765
Ironbark,May,93,154.703297,42,1.748299159
Ivory Creek,May,21,135.9638958,57,2.787504762
Jimna,May,10,262.8315238,22,2.300864514
Johnstown,May,1,242.7107734,49,1.130009433
Kenilworth,May,80,198.999769,13,1.886393122
Kholo,May,88,177.9609981,58,2.692942491
Kilcoy,May,58,140.1464991,15,2.127557834
Kingaham,May,82,135.1351725,27,1.088459312
Kobble Creek,May,64,185.5878576,29,1.049520217
Laceys Creek,May,25,264.3527596,20,1.170254431
Lake Borumba,May,16,139.4639005,14,1.388945337
Lake Manchester,May,6,162.6288815,53,2.706785819
Lake Wivenhoe,May,27,145.3516837,36,1.356514568
Lark Hill,May,77,161.0088905,50,1.495179764
Linville,May,55,253.032218,53,2.800993098
Lockrose,May,19,222.2656508,40,1.148247857
Lower Cressbrook,May,84,186.3987321,37,1.913698936
Lowood,May,34,208.0351669,24,1.246757231
Lynford,May,28,232.2629662,57,1.862826134
Manumbar,May,54,137.5326082,49,2.582090734
Marburg,May,87,203.2851868,11,1.449156569
Minden,May,46,174.8818227,13,1.60155034
Monsildale,May,90,193.6832518,47,2.084741644
Moombra,May,53,118.3096815,53,1.252541215
Moore,May,6,192.0454245,45,2.431268625
Mount Archer,May,43,143.689287,40,1.756622479
Mount Beppo,May,0,150.1705948,9,2.770053155
Mount Byron,May,69,189.5639826,57,2.046680039
Mount Delaney,May,77,207.7813227,8,2.296447536
Mount Glorious,May,40,177.6809783,51,1.658682852
Mount Hallen,May,80,145.3297739,25,2.287487749
Mount Kilcoy,May,6,145.288371,24,1.215188106
Mount Mee,May,55,256.8299485,34,1.15080379
Mount Pleasant,May,69,256.5722693,41,1.56475416
Mount Stanley,May,25,152.5329776,20,1.923834069
Mount Tarampa,May,95,152.6916893,26,1.662679952
Murrumba,May,33,179.9102698,42,2.481127025
Neurum,May,82,131.2117605,15,2.514339477
Ottaba,May,48,228.6416597,15,2.798456244
Patrick Estate,May,87,214.8572496,32,2.080820628
Pine Mountain,May,63,163.0342964,37,2.369629092
Prenzlau,May,58,116.5304632,26,2.281362607
Ravensbourne,May,3,229.1406268,14,1.244150989
Redbank Creek,May,5,207.4337616,12,1.988333417
Rifle Range,May,23,274.175521,27,1.097211674
Royston,May,84,260.93021,23,2.183783916
Runnymede,May,58,163.7146411,30,1.882291869
Sandy Creek,May,30,127.6237266,31,2.69600965
Scrub Creek,May,70,248.7492525,41,1.513298396
Sheep Station Creek,May,96,273.2271106,16,2.024606893
Somerset Dam,May,16,184.7147494,33,1.947435149
Split Yard Creek,May,59,159.9792085,56,1.837504342
Spring Creek,May,2,251.6420596,38,2.18215838
Stony Creek,May,51,192.6758225,48,2.739428872
Tallegalla,May,65,155.7770385,44,1.279429339
Tarampa,May,81,182.941721,22,1.211749893
Taromeo,May,64,233.524868,35,2.767792738
The Bluff,May,23,169.1521358,31,2.686690765
Toogoolawah,May,44,230.6532085,20,2.292815889
Upper Kandanga,May,60,112.7798015,38,2.171713277
Vernor,May,10,162.7775319,23,1.630683436
Villeneuve,May,25,124.9188833,39,1.260979068
Wanora,May,34,263.937557,51,1.969928576
Westvale,May,64,196.1572383,9,1.118583025
Winya,May,36,133.6277397,34,2.501291774
Wivenhoe Hill,May,58,123.1215893,46,1.749541508
Wivenhoe Pocket,May,62,190.4468601,51,1.400007783
Woolmar,May,34,223.7742762,45,1.098169508
Wyalla,May,75,227.5097067,19,2.171619963
Yimbun,May,78,136.5514711,55,2.362950406
